epoch,step,train_loss,val_loss
0,49,0.48730042576789856,
0,99,0.36749398708343506,
0,123,,0.3228345513343811
1,149,0.2874011695384979,
1,199,0.226544588804245,
1,247,,0.18317565321922302
2,249,0.18351268768310547,
2,299,0.15028700232505798,
2,349,0.12461410462856293,
2,371,,0.11999990046024323
3,399,0.11231226474046707,
3,449,0.09711398929357529,
3,495,,0.0875803679227829
4,499,0.08694420754909515,
