epoch,step,train_loss
0,49,0.49023622274398804
0,99,0.369096577167511
