epoch,step,train_loss
0,49,0.4902309477329254
0,99,0.3691049814224243
