epoch,step,train_loss,val_loss
0,49,0.48729342222213745,
0,99,0.367518812417984,
0,123,,0.32288143038749695
1,149,0.28745633363723755,
1,199,0.22662046551704407,
1,247,,0.1831110268831253
2,249,0.18353842198848724,
2,299,0.15025657415390015,
2,349,0.12458358705043793,
2,371,,0.12014540284872055
3,399,0.11227010190486908,
3,449,0.09706693142652512,
