epoch,step,train_loss
0,49,0.49156510829925537
0,99,0.36689022183418274
